<?xml version="1.0" encoding="UTF-8"?>
<project-private xmlns="http://www.netbeans.org/ns/project-private/1">
    <editor-bookmarks xmlns="http://www.netbeans.org/ns/editor-bookmarks/2" lastBookmarkId="0"/>
    <open-files xmlns="http://www.netbeans.org/ns/projectui-open-files/2">
        <group>
            <file>file:/E:/SMT%208/RPLD/BorrowBook(2)/BorrowBook/src/GUI/Menu/RPinjam.java</file>
            <file>file:/E:/SMT%208/RPLD/BorrowBook(2)/BorrowBook/src/Controller/SQL.java</file>
            <file>file:/E:/SMT%208/RPLD/BorrowBook(2)/BorrowBook/src/GUI/Menu/MenuStatusPeminjamanPengembalian.java</file>
            <file>file:/E:/SMT%208/RPLD/BorrowBook(2)/BorrowBook/src/GUI/Menu/rekap.java</file>
            <file>file:/E:/SMT%208/RPLD/BorrowBook(2)/BorrowBook/src/GUI/Menu/MenuUtama.java</file>
        </group>
    </open-files>
</project-private>
